{
  "timestamp": "2025-11-23T00:00:30.303219",
  "completed_configs": [
    "baseline",
    "full_no_cove",
    "full_cove_auto"
  ],
  "config_results": [
    {
      "name": "baseline",
      "description": "No enhancements (vector search only)",
      "config": {
        "use_query_analysis": false,
        "use_cot": false,
        "use_reranker": false,
        "cove": "off",
        "prompt_template": "basic",
        "top_k": 10
      },
      "evaluation": {
        "mean_faithfulness": 0.8255172413793103,
        "mean_answer_relevancy": 0.9007916773421678,
        "mean_context_precision": 0.528571428525,
        "mean_context_recall": 0.8333333333333333,
        "mean_latency_ms": 4992.21,
        "mean_sources_count": 10.0,
        "mean_num_candidates": 20.0,
        "mean_multihop_coverage": 0.0,
        "ci_faithfulness": [
          0.6461449252977685,
          1.0048895574608523
        ],
        "ci_answer_relevancy": [
          0.8753316956498324,
          0.9262516590345032
        ],
        "ci_context_precision": [
          0.0867388811019203,
          0.9704039759480796
        ],
        "ci_context_recall": [
          0.6267311928689993,
          1.0399354737976676
        ],
        "std_faithfulness": 0.20463708777546252,
        "std_answer_relevancy": 0.029046045801001084,
        "std_context_precision": 0.504065107505054,
        "std_context_recall": 0.23570226039551584,
        "num_questions": 5,
        "num_multihop": 0,
        "num_simple": 5
      },
      "run_time_ms": 149736.41991615295
    },
    {
      "name": "full_no_cove",
      "description": "Full pipeline without CoVe",
      "config": {
        "use_query_analysis": true,
        "use_cot": true,
        "use_reranker": true,
        "cove": "off",
        "prompt_template": "multihop",
        "top_k": 10
      },
      "evaluation": {
        "mean_faithfulness": 0.8296654135338345,
        "mean_answer_relevancy": 0.8858463709395563,
        "mean_context_precision": 0.5499999999625,
        "mean_context_recall": 0.7999999999999999,
        "mean_latency_ms": 12154.932,
        "mean_sources_count": 9.4,
        "mean_num_candidates": 200.0,
        "mean_multihop_coverage": 0.8,
        "ci_faithfulness": [
          0.6486154240518887,
          1.0107154030157806
        ],
        "ci_answer_relevancy": [
          0.8490561541672922,
          0.9226365877118204
        ],
        "ci_context_precision": [
          0.1009075818889058,
          0.9990924180360943
        ],
        "ci_context_recall": [
          0.5386666666666667,
          1.0613333333333332
        ],
        "std_faithfulness": 0.20655106316696586,
        "std_answer_relevancy": 0.0419721559233344,
        "std_context_precision": 0.5123475382613837,
        "std_context_recall": 0.29814239699997197,
        "num_questions": 5,
        "num_multihop": 4,
        "num_simple": 1
      },
      "run_time_ms": 190052.59680747986
    },
    {
      "name": "full_cove_auto",
      "description": "Full pipeline with CoVe auto-correction",
      "config": {
        "use_query_analysis": true,
        "use_cot": true,
        "use_reranker": true,
        "cove": "auto",
        "prompt_template": "multihop",
        "top_k": 10
      },
      "evaluation": {
        "mean_faithfulness": 0.9270833333333333,
        "mean_answer_relevancy": 0.8779547315511392,
        "mean_context_precision": 0.5499999999625,
        "mean_context_recall": 0.8666666666666666,
        "mean_latency_ms": 24334.696,
        "mean_sources_count": 9.4,
        "mean_num_candidates": 200.0,
        "mean_multihop_coverage": 0.8,
        "ci_faithfulness": [
          0.8437882263601203,
          1.0103784403065466
        ],
        "ci_answer_relevancy": [
          0.8321474013807105,
          0.9237620617215682
        ],
        "ci_context_precision": [
          0.1009075818889058,
          0.9990924180360943
        ],
        "ci_context_recall": [
          0.6053333333333334,
          1.1280000000000001
        ],
        "std_faithfulness": 0.09502730682919451,
        "std_answer_relevancy": 0.052259338841253014,
        "std_context_precision": 0.5123475382613837,
        "std_context_recall": 0.29814239699997197,
        "num_questions": 5,
        "num_multihop": 4,
        "num_simple": 1
      },
      "run_time_ms": 246795.50981521606
    }
  ],
  "questions": [
    {
      "question": "Co to jest 'Who We Be'?",
      "ground_truth": "'Who We Be' to singel ameryka\u0144skiego rapera DMX-a, promuj\u0105cy jego album 'The Great Depression', wydany 22 stycznia 2002 roku.",
      "type": "simple",
      "source_urls": [
        "https://pl.wikipedia.org/wiki?curid=1203752"
      ],
      "contexts": [
        "Who We Be \u2013 singel ameryka\u0144skiego rapera DMX-a. Promuje on album \"The Great Depression\". Wydany 22 stycznia 2002 roku.\nPodk\u0142ad utworu zosta\u0142 skomponowany przez Black Key. Do \"Who We Be\" powsta\u0142 r\u00f3wnie\u017c klip. W utworze DMX wymienia po kolei przedmioty, osoby i czynno\u015bci, tworz\u0105c w ten spos\u00f3b pewn\u0105 histori\u0119."
      ]
    },
    {
      "question": "Jak Stuart Richardson wp\u0142yn\u0105\u0142 na rozw\u00f3j zespo\u0142u Lostprophets i jak ta sytuacja mo\u017ce by\u0107 por\u00f3wnana do wydarze\u0144 zwi\u0105zanych z Mandala Airlines?",
      "ground_truth": "Stuart Richardson wp\u0142yn\u0105\u0142 na rozw\u00f3j zespo\u0142u Lostprophets, staj\u0105c si\u0119 ich basist\u0105 w 1999 roku i przeprowadzaj\u0105c si\u0119 do USA jako pierwszy cz\u0142onek grupy, co zapocz\u0105tkowa\u0142o przeniesienie reszty zespo\u0142u. Jego wk\u0142ad mia\u0142 znaczenie dla rozwoju kariery muzycznej zespo\u0142u, podobnie jak upadek Mandala Airlines, kt\u00f3ra w 2014 roku og\u0142osi\u0142a bankructwo, mia\u0142 wp\u0142yw na \u015bwiat lotniczy w Indonezji \u2013 oba przypadki pokazuj\u0105 kluczowe zmiany w odpowiednich bran\u017cach.",
      "type": "multihop",
      "source_urls": [
        "https://pl.wikipedia.org/wiki?curid=1020404",
        "https://pl.wikipedia.org/wiki?curid=1236450",
        "https://pl.wikipedia.org/wiki?curid=406827"
      ],
      "contexts": [
        "Stuart Richardson (ur. 15 sierpnia 1973, w Llwynapia Hospital, Tonypandy, Walia) - basista w walijskim zespole rockowym Lostprophets. \nZast\u0105pi\u0142 Mike'a Lewisa, zanim ten z badu przerzuci\u0142 si\u0119 na gitar\u0119. Stuart do\u0142\u0105czy\u0142 do Lostprophets w 1999 roku, dopiero kiedy nagrywali swoje drugie demo. Richardson wzi\u0105\u0142 \u015blub, przed nagraniem przez zesp\u00f3\u0142 trzeciej p\u0142yty - \"Liberation Transmission\". By\u0142 pierwszym z cz\u0142onk\u00f3w grupy, kt\u00f3ry przeprowadzi\u0142 si\u0119 do USA, nast\u0119pnie reszta cz\u0142onk\u00f3w zespo\u0142u zrobi\u0142a to samo.\n ",
        "Mandala Airlines \u2013 nieistniej\u0105ca indonezyjska linia lotnicza z siedzib\u0105 w D\u017cakarcie. G\u0142\u00f3wnym w\u0119z\u0142em by\u0142 port lotniczy D\u017cakarta-Soekarno-Hatta.\nW 2014 linia zaprzesta\u0142a wszelkiej dzia\u0142alno\u015bci oraz og\u0142osi\u0142a bankructwo.",
        "Ziel\u0105tkowo \u2013 wie\u015b w Polsce po\u0142o\u017cona w wojew\u00f3dztwie lubuskim, w powiecie strzelecko-drezdeneckim, w gminie Drezdenko.\nW latach 1975\u20131998 miejscowo\u015b\u0107 nale\u017ca\u0142a administracyjnie do wojew\u00f3dztwa gorzowskiego.\nWed\u0142ug danych z 2011 miejscowo\u015b\u0107 zamieszkiwa\u0142o 80 os\u00f3b."
      ]
    },
    {
      "question": "Kto napisa\u0142 s\u0142owa do utwor\u00f3w na albumie Artefact?",
      "ground_truth": "S\u0142owa do utwor\u00f3w na albumie Artefact napisa\u0142 Marcin \"Novy\" Nowak.",
      "type": "simple",
      "source_urls": [
        "https://pl.wikipedia.org/wiki?curid=709822"
      ],