{
  "timestamp": "2025-11-22T23:07:38.030329",
  "completed_configs": [
    "baseline",
    "full_no_cove",
    "full_cove_auto"
  ],
  "config_results": [
    {
      "name": "baseline",
      "description": "No enhancements (vector search only)",
      "config": {
        "use_query_analysis": false,
        "use_cot": false,
        "use_reranker": false,
        "cove": "off",
        "prompt_template": "basic",
        "top_k": 10
      },
      "evaluation": {
        "mean_faithfulness": 0.76,
        "mean_answer_relevancy": 0.6971144237642982,
        "mean_context_precision": 0.40849206347400263,
        "mean_context_recall": 0.8,
        "mean_latency_ms": 5766.178,
        "mean_sources_count": 10.0,
        "mean_num_candidates": 20.0,
        "mean_multihop_coverage": 0.0,
        "ci_faithfulness": [
          0.37994189917855986,
          1.14005810082144
        ],
        "ci_answer_relevancy": [
          0.35268879179499457,
          1.0415400557336019
        ],
        "ci_context_precision": [
          0.13066056556553385,
          0.6863235613824714
        ],
        "ci_context_recall": [
          0.4080000000000001,
          1.192
        ],
        "std_faithfulness": 0.433589667773576,
        "std_answer_relevancy": 0.39293832973300397,
        "std_context_precision": 0.3169643447009831,
        "std_context_recall": 0.4472135954999579,
        "num_questions": 5,
        "num_multihop": 0,
        "num_simple": 5
      },
      "run_time_ms": 149217.04959869385
    },
    {
      "name": "full_no_cove",
      "description": "Full pipeline without CoVe",
      "config": {
        "use_query_analysis": true,
        "use_cot": true,
        "use_reranker": true,
        "cove": "off",
        "prompt_template": "multihop",
        "top_k": 10
      },
      "evaluation": {
        "mean_faithfulness": 0.859887955182073,
        "mean_answer_relevancy": 0.8717006962323225,
        "mean_context_precision": 0.5938095237829604,
        "mean_context_recall": 0.8800000000000001,
        "mean_latency_ms": 13132.295999999998,
        "mean_sources_count": 9.0,
        "mean_num_candidates": 200.0,
        "mean_multihop_coverage": 0.4,
        "ci_faithfulness": [
          0.7257473807170705,
          0.9940285296470752
        ],
        "ci_answer_relevancy": [
          0.7946469426860832,
          0.9487544497785618
        ],
        "ci_context_precision": [
          0.26394649497925876,
          0.9236725525866618
        ],
        "ci_context_recall": [
          0.6448,
          1.1152
        ],
        "std_faithfulness": 0.1530344097166417,
        "std_answer_relevancy": 0.08790685247495238,
        "std_context_precision": 0.3763245692189019,
        "std_context_recall": 0.2683281572999748,
        "num_questions": 5,
        "num_multihop": 2,
        "num_simple": 3
      },
      "run_time_ms": 215007.73978233337
    },
    {
      "name": "full_cove_auto",
      "description": "Full pipeline with CoVe auto-correction",
      "config": {
        "use_query_analysis": true,
        "use_cot": true,
        "use_reranker": true,
        "cove": "auto",
        "prompt_template": "multihop",
        "top_k": 10
      },
      "evaluation": {
        "mean_faithfulness": 0.8326086956521739,
        "mean_answer_relevancy": 0.6967752126940725,
        "mean_context_precision": 0.5984126983850635,
        "mean_context_recall": 0.8800000000000001,
        "mean_latency_ms": 35556.498,
        "mean_sources_count": 19.4,
        "mean_num_candidates": 200.0,
        "mean_multihop_coverage": 0.4,
        "ci_faithfulness": [
          0.5464951908710338,
          1.118722200433314
        ],
        "ci_answer_relevancy": [
          0.3483026308933578,
          1.045247794494787
        ],
        "ci_context_precision": [
          0.26237669209474573,
          0.9344487046753813
        ],
        "ci_context_recall": [
          0.6448,
          1.1152
        ],
        "std_faithfulness": 0.3264128805976226,
        "std_answer_relevancy": 0.397555296531252,
        "std_context_precision": 0.3833670168126007,
        "std_context_recall": 0.2683281572999748,
        "num_questions": 5,
        "num_multihop": 2,
        "num_simple": 3
      },
      "run_time_ms": 441627.9036998749
    }
  ],
  "questions": [
    {
      "question": "Co to jest \u015arodkowy paleolit?",
      "ground_truth": "\u015arodkowy paleolit odnosi si\u0119 do charakterystycznych wyrob\u00f3w kulturowych spotykanych na terenie zachodniej Eurazji, a w Afryce odpowiada mu okres znany jako \u015arodkowa Epoka Kamienia (MSA).",
      "type": "simple",
      "source_urls": [
        "https://pl.wikipedia.org/wiki?curid=57018"
      ],
      "contexts": [
        "\u015arodkowy paleolit \u2013 odnosi si\u0119 do charakterystycznych wyrob\u00f3w kulturowych spotykanych na terenie zachodniej Eurazji. Odpowiednikiem dla tego terminu, w odniesieniu do teren\u00f3w afryka\u0144skich, jest \u015arodkowa Epoka Kamienia (MSA \u2013 \"Middle Stone Age\"). Proces przechodzenia od aszelskiej tradycji technologicznej do \u015arodkowej Epoki Kamienia znanej z teren\u00f3w afryka\u0144skich trwa\u0142 od ok. 300 do 200 tys. lat temu za\u015b koniec MSA wyznacza okres mi\u0119dzy 50 a 20 tys. lat temu.\nW okresie MSA bro\u0144 miotana \u2013 oszczepy \u2013 coraz cz\u0119\u015bciej wyposa\u017cana by\u0142a w ostrza li\u015bciowate jak i specjalnie odbijane od\u0142upki o wcze\u015bniej zamierzonym tr\u00f3jk\u0105tnym kszta\u0142cie kt\u00f3re s\u0142u\u017cy\u0142y jako groty. Zastosowanie kamiennych grot\u00f3w znacznie zwi\u0119ksza\u0142o efektywno\u015b\u0107 podejmowanych przez cz\u0142owieka dzia\u0142a\u0144 \u0142owczych. W okresie MSA w zasadzie niepo\u015bwiadczone jest stosowanie padlino\u017cerstwa, za\u015b \u015blad\u00f3w zorganizowanych polowa\u0144 ludzkich dostarcza wiele stanowisk, tj. Klasies River Mouth w Po\u0142udniowej Afryce. Na stanowisku tym znaleziono szcz\u0105tki bow"
      ]
    },
    {
      "question": "Co to jest IPPC?",
      "ground_truth": "IPPC to Dyrektywa Unii Europejskiej nr 96/61/WE z 24 wrze\u015bnia 1996 r. dotycz\u0105ca zintegrowanego zapobiegania zanieczyszczeniom i ich kontroli.",
      "type": "simple",
      "source_urls": [
        "https://pl.wikipedia.org/wiki?curid=146961"
      ],
      "contexts": [
        "IPPC (ang. \"Integrated Pollution Prevention and Control\" ) \u2013 Dyrektywa Unii Europejskiej nr 96/61/WE z 24 wrze\u015bnia 1996 r. dotycz\u0105ca zintegrowanego zapobiegania zanieczyszczeniom i ich kontroli. Dyrektywa IPPC narzuca konieczno\u015b\u0107 uzyskiwania tzw. pozwolenia zintegrowanego na funkcjonowanie w UE instalacji technologicznych, w niekt\u00f3rych, uznawanych za szczeg\u00f3lnie uci\u0105\u017cliwe dla \u015brodowiska, dziedzinach dzia\u0142alno\u015bci gospodarczej, np. przemys\u0142u. S\u0105 to niekt\u00f3re instalacje technologiczne w ramach: przemys\u0142u paliwowo-energetycznego, chemicznego, mineralnego, metalurgicznego, a r\u00f3wnie\u017c instalacje zwi\u0105zane np. z gospodark\u0105 odpadami technologicznymi i komunalnymi oraz rolnictwem (m.in. ubojnie, mleczarnie, garbarnie).\nDyrektywa IPPC opiera si\u0119 na czterech filarach, s\u0105 to:"
      ]
    },
    {
      "question": "Por\u00f3wnaj Maje Popielarsk\u0105 i Forda Capri z punktu widzenia ich roli w kulturze polskiej?",
      "ground_truth": "Maja Popielarska to polska dziennikarka i prezenterka, znana z program\u00f3w telewizyjnych zwi\u0105zanych z ogrodnicztwem i meteo, a Ford Capri to model samochodu sportowego produkowany przez Forda w latach 1968\u20131986. Pierwsza osoba wp\u0142ywa na kultur\u0119 poprzez media i edukacj\u0119, natomiast drugi \u2013 jako ikona motoryzacji. G\u0142\u00f3wna r\u00f3\u017cnica polega na tym, \u017ce Maja Popielarska dzia\u0142a w sferze medialnej, a Ford Capri ma charakter technologiczno-przemys\u0142owy.",
      "type": "comparison",