{
  "num_questions": 2,
  "total_time_ms": 225175.13966560364,
  "configs": [
    {
      "name": "baseline",
      "description": "No enhancements (vector search only)",
      "config": {
        "use_query_analysis": false,
        "use_cot": false,
        "use_reranker": false,
        "cove": "off",
        "prompt_template": "basic",
        "top_k": 8
      },
      "evaluation": {
        "mean_faithfulness": 1.0,
        "mean_answer_relevancy": 0.7777476200326283,
        "mean_context_precision": 0.2880952380725,
        "mean_context_recall": 1.0,
        "mean_latency_ms": 6470.125,
        "mean_sources_count": 7.0,
        "mean_multihop_coverage": 1.0,
        "ci_faithfulness": [
          1.0,
          1.0
        ],
        "ci_answer_relevancy": [
          0.5310341250707279,
          1.0244611149945286
        ],
        "ci_context_precision": [
          0.1994285714266,
          0.3767619047184
        ],
        "ci_context_recall": [
          1.0,
          1.0
        ],
        "std_faithfulness": 0.0,
        "std_answer_relevancy": 0.17801304622223768,
        "std_context_precision": 0.06397632780665607,
        "std_context_recall": 0.0,
        "num_questions": 2,
        "num_multihop": 0,
        "num_simple": 2
      },
      "run_time_ms": 48240.875244140625
    },
    {
      "name": "full_no_cove",
      "description": "Full pipeline without CoVe",
      "config": {
        "use_query_analysis": true,
        "use_cot": true,
        "use_reranker": true,
        "cove": "off",
        "prompt_template": "multihop",
        "top_k": 8
      },
      "evaluation": {
        "mean_faithfulness": 0.9444444444444444,
        "mean_answer_relevancy": 0.8433562223329649,
        "mean_context_precision": 0.6147619047296096,
        "mean_context_recall": 1.0,
        "mean_latency_ms": 13531.555,
        "mean_sources_count": 6.0,
        "mean_multihop_coverage": 1.0,
        "ci_faithfulness": [
          0.8355555555555555,
          1.0533333333333335
        ],
        "ci_answer_relevancy": [
          0.7038690432771206,
          0.9828434013888092
        ],
        "ci_context_precision": [
          0.38982857136157495,
          0.8396952380976441
        ],
        "ci_context_recall": [
          1.0,
          1.0
        ],
        "std_faithfulness": 0.07856742013183865,
        "std_answer_relevancy": 0.10064523489690783,
        "std_context_precision": 0.16229784218309348,
        "std_context_recall": 0.0,
        "num_questions": 2,
        "num_multihop": 0,
        "num_simple": 2
      },
      "run_time_ms": 80851.01199150085
    },
    {
      "name": "full_cove_auto",
      "description": "Full pipeline with CoVe auto-correction",
      "config": {
        "use_query_analysis": true,
        "use_cot": true,
        "use_reranker": true,
        "cove": "auto",
        "prompt_template": "multihop",
        "top_k": 8
      },
      "evaluation": {
        "mean_faithfulness": 0.975,
        "mean_answer_relevancy": 0.8431762008515351,
        "mean_context_precision": 0.6147619047296096,
        "mean_context_recall": 1.0,
        "mean_latency_ms": 23088.285,
        "mean_sources_count": 6.0,
        "mean_multihop_coverage": 1.0,
        "ci_faithfulness": [
          0.9259999999999999,
          1.024
        ],
        "ci_answer_relevancy": [
          0.7033361796920882,
          0.983016222010982
        ],
        "ci_context_precision": [
          0.38982857136157495,
          0.8396952380976441
        ],
        "ci_context_recall": [
          1.0,
          1.0
        ],
        "std_faithfulness": 0.03535533905932741,
        "std_answer_relevancy": 0.10089982371746452,
        "std_context_precision": 0.16229784218309348,
        "std_context_recall": 0.0,
        "num_questions": 2,
        "num_multihop": 0,
        "num_simple": 2
      },
      "run_time_ms": 96074.56183433533
    }
  ]
}