{
  "num_questions": 5,
  "total_time_ms": 738524.313211441,
  "configs": [
    {
      "name": "baseline",
      "description": "No enhancements (vector search only)",
      "config": {
        "use_query_analysis": false,
        "use_cot": false,
        "use_reranker": false,
        "cove": "off",
        "prompt_template": "basic",
        "top_k": 10
      },
      "evaluation": {
        "mean_faithfulness": 0.9368421052631579,
        "mean_answer_relevancy": 0.6857225925896363,
        "mean_context_precision": 0.3961111110927963,
        "mean_context_recall": 0.8,
        "mean_latency_ms": 5330.584000000001,
        "mean_sources_count": 10.0,
        "mean_num_candidates": 20.0,
        "mean_multihop_coverage": 0.0,
        "ci_faithfulness": [
          0.37528486198110633,
          1.1236625064399464
        ],
        "ci_answer_relevancy": [
          0.34351819647846465,
          1.027926988700808
        ],
        "ci_context_precision": [
          0.11104049909897845,
          0.6811817230866142
        ],
        "ci_context_recall": [
          0.4080000000000001,
          1.192
        ],
        "std_faithfulness": 0.42689369537018745,
        "std_answer_relevancy": 0.390404230563186,
        "std_context_precision": 0.32522309530900184,
        "std_context_recall": 0.4472135954999579,
        "num_questions": 5,
        "num_multihop": 0,
        "num_simple": 5
      },
      "run_time_ms": 145725.5003452301
    },
    {
      "name": "full_no_cove",
      "description": "Full pipeline without CoVe",
      "config": {
        "use_query_analysis": true,
        "use_cot": true,
        "use_reranker": true,
        "cove": "off",
        "prompt_template": "multihop",
        "top_k": 10
      },
      "evaluation": {
        "mean_faithfulness": 0.925,
        "mean_answer_relevancy": 0.8632878613761374,
        "mean_context_precision": 0.5959047618776772,
        "mean_context_recall": 0.8800000000000001,
        "mean_latency_ms": 12947.702,
        "mean_sources_count": 9.0,
        "mean_num_candidates": 200.0,
        "mean_multihop_coverage": 0.4,
        "ci_faithfulness": [
          0.778,
          1.072
        ],
        "ci_answer_relevancy": [
          0.8076536921761197,
          0.9189220305761552
        ],
        "ci_context_precision": [
          0.2652531213683997,
          0.9265564023869546
        ],
        "ci_context_recall": [
          0.6448,
          1.1152
        ],
        "std_faithfulness": 0.16770509831248423,
        "std_answer_relevancy": 0.0634702980627371,
        "std_context_precision": 0.3772242576788611,
        "std_context_recall": 0.2683281572999748,
        "num_questions": 5,
        "num_multihop": 2,
        "num_simple": 3
      },
      "run_time_ms": 213066.71142578125
    },
    {
      "name": "full_cove_auto",
      "description": "Full pipeline with CoVe auto-correction",
      "config": {
        "use_query_analysis": true,
        "use_cot": true,
        "use_reranker": true,
        "cove": "auto",
        "prompt_template": "multihop",
        "top_k": 10
      },
      "evaluation": {
        "mean_faithfulness": 0.8034186401833461,
        "mean_answer_relevancy": 0.6770784986755852,
        "mean_context_precision": 0.5705555555286249,
        "mean_context_recall": 0.8800000000000001,
        "mean_latency_ms": 30976.288,
        "mean_sources_count": 13.8,
        "mean_num_candidates": 200.0,
        "mean_multihop_coverage": 0.4,
        "ci_faithfulness": [
          0.6487841432321652,
          0.958053137134527
        ],
        "ci_answer_relevancy": [
          0.3405337719300003,
          1.0136232254211701
        ],
        "ci_context_precision": [
          0.24895705652481848,
          0.8921540545324316
        ],
        "ci_context_recall": [
          0.6448,
          1.1152
        ],
        "std_faithfulness": 0.1764149218619003,
        "std_answer_relevancy": 0.38394739105725484,
        "std_context_precision": 0.3668959720583724,
        "std_context_recall": 0.2683281572999748,
        "num_questions": 5,
        "num_multihop": 2,
        "num_simple": 3
      },
      "run_time_ms": 379722.5384712219
    }
  ]
}