{
  "num_questions": 5,
  "total_time_ms": 796179.2514324188,
  "configs": [
    {
      "name": "baseline",
      "description": "No enhancements (vector search only)",
      "config": {
        "use_query_analysis": false,
        "use_cot": false,
        "use_reranker": false,
        "cove": "off",
        "prompt_template": "basic",
        "top_k": 10
      },
      "evaluation": {
        "mean_faithfulness": 0.7666666666666667,
        "mean_answer_relevancy": 0.706373601107477,
        "mean_context_precision": 0.4398148147929321,
        "mean_context_recall": 0.8,
        "mean_latency_ms": 4931.074,
        "mean_sources_count": 10.0,
        "mean_num_candidates": 20.0,
        "mean_multihop_coverage": 0.0,
        "ci_faithfulness": [
          0.3857111428701071,
          1.1476221904632262
        ],
        "ci_answer_relevancy": [
          0.35495354200696394,
          1.0577936602079903
        ],
        "ci_context_precision": [
          0.1228450551559167,
          0.7567845744299474
        ],
        "ci_context_recall": [
          0.4080000000000001,
          1.192
        ],
        "std_faithfulness": 0.4346134936801766,
        "std_answer_relevancy": 0.40091792898252093,
        "std_context_precision": 0.3616152700817018,
        "std_context_recall": 0.4472135954999579,
        "num_questions": 5,
        "num_multihop": 0,
        "num_simple": 5
      },
      "run_time_ms": 140208.63962173462
    },
    {
      "name": "full_no_cove",
      "description": "Full pipeline without CoVe",
      "config": {
        "use_query_analysis": true,
        "use_cot": true,
        "use_reranker": true,
        "cove": "off",
        "prompt_template": "multihop",
        "top_k": 10
      },
      "evaluation": {
        "mean_faithfulness": 0.8497435897435898,
        "mean_answer_relevancy": 0.8630866160244054,
        "mean_context_precision": 0.6438095237804603,
        "mean_context_recall": 0.8400000000000001,
        "mean_latency_ms": 13612.836,
        "mean_sources_count": 9.0,
        "mean_num_candidates": 200.0,
        "mean_multihop_coverage": 0.4,
        "ci_faithfulness": [
          0.70920883719732,
          0.9902783422898596
        ],
        "ci_answer_relevancy": [
          0.7797215072336595,
          0.9464517248151513
        ],
        "ci_context_precision": [
          0.2785505045870608,
          1.0090685429738597
        ],
        "ci_context_recall": [
          0.5264,
          1.1536
        ],
        "std_faithfulness": 0.16032921423192395,
        "std_answer_relevancy": 0.0951071684733536,
        "std_context_precision": 0.41670612056701106,
        "std_context_recall": 0.35777087639996635,
        "num_questions": 5,
        "num_multihop": 2,
        "num_simple": 3
      },
      "run_time_ms": 212336.40432357788
    },
    {
      "name": "full_cove_auto",
      "description": "Full pipeline with CoVe auto-correction",
      "config": {
        "use_query_analysis": true,
        "use_cot": true,
        "use_reranker": true,
        "cove": "auto",
        "prompt_template": "multihop",
        "top_k": 10
      },
      "evaluation": {
        "mean_faithfulness": 0.777090909090909,
        "mean_answer_relevancy": 0.6826145293355548,
        "mean_context_precision": 0.6317460317167302,
        "mean_context_recall": 0.8400000000000001,
        "mean_latency_ms": 30100.862,
        "mean_sources_count": 20.4,
        "mean_num_candidates": 200.0,
        "mean_multihop_coverage": 0.4,
        "ci_faithfulness": [
          0.56518904800758,
          0.9889927701742381
        ],
        "ci_answer_relevancy": [
          0.3389474243069199,
          1.0262816343641896
        ],
        "ci_context_precision": [
          0.2681118375722592,
          0.9953802258612011
        ],
        "ci_context_recall": [
          0.5264,
          1.1536
        ],
        "std_faithfulness": 0.24174845201073528,
        "std_answer_relevancy": 0.3920729635074426,
        "std_context_precision": 0.4148524372706087,
        "std_context_recall": 0.35777087639996635,
        "num_questions": 5,
        "num_multihop": 2,
        "num_simple": 3
      },
      "run_time_ms": 443627.126455307
    }
  ]
}