{
  "num_questions": 10,
  "total_time_ms": 8108889.060497284,
  "configs": [
    {
      "name": "baseline",
      "description": "No enhancements (vector search only)",
      "config": {
        "use_query_analysis": false,
        "use_cot": true,
        "use_reranker": false,
        "cove": "off",
        "prompt_template": "basic",
        "top_k": 15
      },
      "evaluation": {
        "mean_faithfulness": 0.8933333333333332,
        "mean_answer_relevancy": 0.7858316303460287,
        "mean_context_precision": 0.7095238094703967,
        "mean_context_recall": 0.6666666666666667,
        "mean_latency_ms": 8981.672,
        "mean_sources_count": 15.0,
        "mean_num_candidates": 30.0,
        "mean_multihop_coverage": 0.0,
        "ci_faithfulness": [
          0.7862894078853723,
          1.0003772587812942
        ],
        "ci_answer_relevancy": [
          0.6120663464322209,
          0.9595969142598364
        ],
        "ci_context_precision": [
          0.07342988790999877,
          0.636093921560398
        ],
        "ci_context_recall": [
          0.4281030638421943,
          0.9052302694911389
        ],
        "std_faithfulness": 0.17270541535755954,
        "std_answer_relevancy": 0.2803541201191071,
        "std_context_precision": 0.45390303668185894,
        "std_context_recall": 0.3849001794597505,
        "num_questions": 10,
        "num_multihop": 0,
        "num_simple": 10
      },
      "run_time_ms": 438583.28223228455
    },
    {
      "name": "enhanced_only",
      "description": "Enhanced features only (metadata, quality checks)",
      "config": {
        "use_query_analysis": false,
        "use_cot": true,
        "use_reranker": false,
        "cove": "off",
        "prompt_template": "enhanced",
        "top_k": 15
      },
      "evaluation": {
        "mean_faithfulness": 0.9043593833067517,
        "mean_answer_relevancy": 0.8650201176243849,
        "mean_context_precision": 0.6504464285310603,
        "mean_context_recall": 0.6,
        "mean_latency_ms": 16029.748000000001,
        "mean_sources_count": 15.0,
        "mean_num_candidates": 30.0,
        "mean_multihop_coverage": 0.0,
        "ci_faithfulness": [
          0.8079987416960696,
          1.000720024917434
        ],
        "ci_answer_relevancy": [
          0.8256076767538935,
          0.9044325584948761
        ],
        "ci_context_precision": [
          0.004701452971033027,
          0.5156556898538152
        ],
        "ci_context_recall": [
          0.34602965080229353,
          0.8539703491977064
        ],
        "std_faithfulness": 0.1554689307576285,
        "std_answer_relevancy": 0.06358830678441929,
        "std_context_precision": 0.41218856343438887,
        "std_context_recall": 0.40975753143523946,
        "num_questions": 10,
        "num_multihop": 0,
        "num_simple": 10
      },
      "run_time_ms": 491702.0699977875
    },
    {
      "name": "cot_only",
      "description": "Chain of Thought only",
      "config": {
        "use_query_analysis": false,
        "use_cot": true,
        "use_reranker": false,
        "cove": "off",
        "prompt_template": "basic",
        "top_k": 15
      },
      "evaluation": {
        "mean_faithfulness": 0.7282142857142857,
        "mean_answer_relevancy": 0.6893520893943119,
        "mean_context_precision": 0.5428571428092857,
        "mean_context_recall": 0.6,
        "mean_latency_ms": 9964.138,
        "mean_sources_count": 15.0,
        "mean_num_candidates": 30.0,
        "mean_multihop_coverage": 0.0,
        "ci_faithfulness": [
          0.5698758261481469,
          0.8865527452804245
        ],
        "ci_answer_relevancy": [
          0.46213378054655024,
          0.9165703982420734
        ],
        "ci_context_precision": [
          0.0035115030005957726,
          0.5393456398086899
        ],
        "ci_context_recall": [
          0.34602965080229353,
          0.8539703491977064
        ],
        "std_faithfulness": 0.25546437419973217,
        "std_answer_relevancy": 0.3665956030869978,
        "std_context_precision": 0.43225926540404164,
        "std_context_recall": 0.40975753143523946,
        "num_questions": 10,
        "num_multihop": 0,
        "num_simple": 10
      },
      "run_time_ms": 437604.4132709503
    },
    {
      "name": "reranker_only",
      "description": "Reranker only",
      "config": {
        "use_query_analysis": false,
        "use_cot": true,
        "use_reranker": true,
        "cove": "off",
        "prompt_template": "basic",
        "top_k": 15
      },
      "evaluation": {
        "mean_faithfulness": 0.8821428571428573,
        "mean_answer_relevancy": 0.751438755184449,
        "mean_context_precision": 0.9166666665833333,
        "mean_context_recall": 0.7,
        "mean_latency_ms": 11763.75,
        "mean_sources_count": 15.0,
        "mean_num_candidates": 250.0,
        "mean_multihop_coverage": 0.0,
        "ci_faithfulness": [
          0.8094757657407685,
          0.9548099485449457
        ],
        "ci_answer_relevancy": [
          0.5836487207577378,
          0.9192287896111603
        ],
        "ci_context_precision": [
          0.06727172125806558,
          0.666061612008601
        ],
        "ci_context_recall": [
          0.434168344368466,
          0.9658316556315338
        ],
        "std_faithfulness": 0.11724159171950953,
        "std_answer_relevancy": 0.2707136109522818,
        "std_context_precision": 0.4830458914936436,
        "std_context_recall": 0.4288946459026396,
        "num_questions": 10,
        "num_multihop": 0,
        "num_simple": 10
      },
      "run_time_ms": 486275.9964466095
    },
    {
      "name": "cove_auto_only",
      "description": "CoVe auto-correction only",
      "config": {
        "use_query_analysis": false,
        "use_cot": true,
        "use_reranker": false,
        "cove": "auto",
        "prompt_template": "basic",
        "top_k": 15
      },
      "evaluation": {
        "mean_faithfulness": 0.8791258741258743,
        "mean_answer_relevancy": 0.5871057490040814,
        "mean_context_precision": 0.6619047618644445,
        "mean_context_recall": 0.775,
        "mean_latency_ms": 41625.028999999995,
        "mean_sources_count": 15.0,
        "mean_num_candidates": 30.0,
        "mean_multihop_coverage": 0.0,
        "ci_faithfulness": [
          0.8074467009492085,
          0.9508050473025399
        ],
        "ci_answer_relevancy": [
          0.3326854852798739,
          0.8415260127282884
        ],
        "ci_context_precision": [
          0.061033234391139335,
          0.6008715274733052
        ],
        "ci_context_recall": [
          0.5571541772970255,
          0.9928458227029745
        ],
        "std_faithfulness": 0.11564767756934217,
        "std_answer_relevancy": 0.4104834266679634,
        "std_context_precision": 0.43548943222376607,
        "std_context_recall": 0.351473968619703,
        "num_questions": 10,
        "num_multihop": 0,
        "num_simple": 10
      },
      "run_time_ms": 770340.3105735779
    },
    {
      "name": "cot_enhanced",
      "description": "CoT + Enhanced Features",
      "config": {
        "use_query_analysis": false,
        "use_cot": true,
        "use_reranker": false,
        "cove": "off",
        "prompt_template": "enhanced",
        "top_k": 15
      },
      "evaluation": {
        "mean_faithfulness": 0.9507936507936507,
        "mean_answer_relevancy": 0.6938614867067827,
        "mean_context_precision": 0.59285714282,
        "mean_context_recall": 0.625,
        "mean_latency_ms": 12558.214,
        "mean_sources_count": 15.0,
        "mean_num_candidates": 30.0,
        "mean_multihop_coverage": 0.0,
        "ci_faithfulness": [
          0.8994210507726103,
          1.0021662508146914
        ],
        "ci_answer_relevancy": [
          0.46448331989108543,
          0.92323965352248
        ],